file_title,url,saved_as,status,error
File:Flag_of_the_Taliban.svg,https://upload.wikimedia.org/wikipedia/commons/5/5c/Flag_of_the_Taliban.svg,Flag_of_the_Taliban.svg,downloaded,
File:Flag_of_Albania.svg,https://upload.wikimedia.org/wikipedia/commons/3/36/Flag_of_Albania.svg,Flag_of_Albania.svg,downloaded,
File:Flag_of_Germany.svg,https://upload.wikimedia.org/wikipedia/commons/b/ba/Flag_of_Germany.svg,Flag_of_Germany.svg,downloaded,
File:Flag_of_Andorra.svg,https://upload.wikimedia.org/wikipedia/commons/1/19/Flag_of_Andorra.svg,Flag_of_Andorra.svg,downloaded,
File:Flag_of_Angola.svg,https://upload.wikimedia.org/wikipedia/commons/9/9d/Flag_of_Angola.svg,Flag_of_Angola.svg,downloaded,
File:Flag_of_Antigua_and_Barbuda.svg,https://upload.wikimedia.org/wikipedia/commons/8/89/Flag_of_Antigua_and_Barbuda.svg,Flag_of_Antigua_and_Barbuda.svg,downloaded,
File:Flag_of_Saudi_Arabia.svg,https://upload.wikimedia.org/wikipedia/commons/0/0d/Flag_of_Saudi_Arabia.svg,Flag_of_Saudi_Arabia.svg,downloaded,
File:Flag_of_Algeria.svg,https://upload.wikimedia.org/wikipedia/commons/7/77/Flag_of_Algeria.svg,Flag_of_Algeria.svg,downloaded,
File:Flag_of_Argentina.svg,https://upload.wikimedia.org/wikipedia/commons/1/1a/Flag_of_Argentina.svg,Flag_of_Argentina.svg,downloaded,
File:Flag_of_Armenia.svg,https://upload.wikimedia.org/wikipedia/commons/2/2f/Flag_of_Armenia.svg,Flag_of_Armenia.svg,downloaded,
File:Flag_of_Australia_(converted).svg,https://upload.wikimedia.org/wikipedia/commons/8/88/Flag_of_Australia_%28converted%29.svg,Flag_of_Australia_(converted).svg,downloaded,
File:Flag_of_Austria.svg,https://upload.wikimedia.org/wikipedia/commons/4/41/Flag_of_Austria.svg,Flag_of_Austria.svg,downloaded,
File:Flag_of_Azerbaijan.svg,https://upload.wikimedia.org/wikipedia/commons/d/dd/Flag_of_Azerbaijan.svg,Flag_of_Azerbaijan.svg,downloaded,
File:Flag_of_the_Bahamas.svg,https://upload.wikimedia.org/wikipedia/commons/9/93/Flag_of_the_Bahamas.svg,Flag_of_the_Bahamas.svg,downloaded,
File:Flag_of_Bangladesh.svg,https://upload.wikimedia.org/wikipedia/commons/f/f9/Flag_of_Bangladesh.svg,Flag_of_Bangladesh.svg,downloaded,
File:Flag_of_Barbados.svg,https://upload.wikimedia.org/wikipedia/commons/e/ef/Flag_of_Barbados.svg,Flag_of_Barbados.svg,downloaded,
File:Flag_of_Bahrain.svg,https://upload.wikimedia.org/wikipedia/commons/2/2c/Flag_of_Bahrain.svg,Flag_of_Bahrain.svg,downloaded,
File:Flag_of_Belgium.svg,https://upload.wikimedia.org/wikipedia/commons/6/65/Flag_of_Belgium.svg,Flag_of_Belgium.svg,downloaded,
File:Flag_of_Belize.svg,https://upload.wikimedia.org/wikipedia/commons/e/e7/Flag_of_Belize.svg,Flag_of_Belize.svg,downloaded,
File:Flag_of_Benin.svg,https://upload.wikimedia.org/wikipedia/commons/0/0a/Flag_of_Benin.svg,Flag_of_Benin.svg,downloaded,
File:Flag_of_Belarus.svg,https://upload.wikimedia.org/wikipedia/commons/8/85/Flag_of_Belarus.svg,Flag_of_Belarus.svg,downloaded,
File:Flag_of_Myanmar.svg,https://upload.wikimedia.org/wikipedia/commons/8/8c/Flag_of_Myanmar.svg,Flag_of_Myanmar.svg,downloaded,
File:Flag_of_Bolivia.svg,https://upload.wikimedia.org/wikipedia/commons/4/48/Flag_of_Bolivia.svg,Flag_of_Bolivia.svg,downloaded,
File:Flag_of_Bosnia_and_Herzegovina.svg,https://upload.wikimedia.org/wikipedia/commons/b/bf/Flag_of_Bosnia_and_Herzegovina.svg,Flag_of_Bosnia_and_Herzegovina.svg,downloaded,
File:Flag_of_Botswana.svg,https://upload.wikimedia.org/wikipedia/commons/f/fa/Flag_of_Botswana.svg,Flag_of_Botswana.svg,downloaded,
File:Flag_of_Brazil.svg,https://upload.wikimedia.org/wikipedia/commons/0/05/Flag_of_Brazil.svg,Flag_of_Brazil.svg,downloaded,
File:Flag_of_Brunei.svg,https://upload.wikimedia.org/wikipedia/commons/9/9c/Flag_of_Brunei.svg,Flag_of_Brunei.svg,downloaded,
File:Flag_of_Bulgaria.svg,https://upload.wikimedia.org/wikipedia/commons/9/9a/Flag_of_Bulgaria.svg,Flag_of_Bulgaria.svg,downloaded,
File:Flag_of_Burkina_Faso.svg,https://upload.wikimedia.org/wikipedia/commons/3/31/Flag_of_Burkina_Faso.svg,Flag_of_Burkina_Faso.svg,downloaded,
File:Flag_of_Burundi.svg,https://upload.wikimedia.org/wikipedia/commons/5/50/Flag_of_Burundi.svg,Flag_of_Burundi.svg,downloaded,
File:Flag_of_Bhutan.svg,https://upload.wikimedia.org/wikipedia/commons/9/91/Flag_of_Bhutan.svg,Flag_of_Bhutan.svg,downloaded,
File:Flag_of_Cape_Verde.svg,https://upload.wikimedia.org/wikipedia/commons/3/38/Flag_of_Cape_Verde.svg,Flag_of_Cape_Verde.svg,downloaded,
File:Flag_of_Cambodia.svg,https://upload.wikimedia.org/wikipedia/commons/8/83/Flag_of_Cambodia.svg,Flag_of_Cambodia.svg,downloaded,
File:Flag_of_Cameroon.svg,https://upload.wikimedia.org/wikipedia/commons/4/4f/Flag_of_Cameroon.svg,Flag_of_Cameroon.svg,downloaded,
File:Flag_of_Canada.svg,https://upload.wikimedia.org/wikipedia/commons/c/cf/Flag_of_Canada.svg,Flag_of_Canada.svg,downloaded,
File:Flag_of_Qatar.svg,https://upload.wikimedia.org/wikipedia/commons/6/65/Flag_of_Qatar.svg,Flag_of_Qatar.svg,downloaded,
File:Flag_of_Chad.svg,https://upload.wikimedia.org/wikipedia/commons/4/4b/Flag_of_Chad.svg,Flag_of_Chad.svg,downloaded,
File:Flag_of_Chile.svg,https://upload.wikimedia.org/wikipedia/commons/7/78/Flag_of_Chile.svg,Flag_of_Chile.svg,downloaded,
File:Flag_of_the_People's_Republic_of_China.svg,https://upload.wikimedia.org/wikipedia/commons/f/fa/Flag_of_the_People%27s_Republic_of_China.svg,Flag_of_the_People's_Republic_of_China.svg,downloaded,
File:Flag_of_Cyprus.svg,https://upload.wikimedia.org/wikipedia/commons/d/d4/Flag_of_Cyprus.svg,Flag_of_Cyprus.svg,downloaded,
File:Flag_of_Colombia.svg,https://upload.wikimedia.org/wikipedia/commons/2/21/Flag_of_Colombia.svg,Flag_of_Colombia.svg,downloaded,
File:Flag_of_the_Comoros.svg,https://upload.wikimedia.org/wikipedia/commons/9/94/Flag_of_the_Comoros.svg,Flag_of_the_Comoros.svg,downloaded,
File:Flag_of_North_Korea.svg,https://upload.wikimedia.org/wikipedia/commons/5/51/Flag_of_North_Korea.svg,Flag_of_North_Korea.svg,downloaded,
File:Flag_of_South_Korea.svg,https://upload.wikimedia.org/wikipedia/commons/0/09/Flag_of_South_Korea.svg,Flag_of_South_Korea.svg,downloaded,
File:Flag_of_Côte_d'Ivoire.svg,https://upload.wikimedia.org/wikipedia/commons/f/fe/Flag_of_C%C3%B4te_d%27Ivoire.svg,Flag_of_Côte_d'Ivoire.svg,downloaded,
File:Flag_of_Costa_Rica.svg,https://upload.wikimedia.org/wikipedia/commons/f/f2/Flag_of_Costa_Rica.svg,Flag_of_Costa_Rica.svg,downloaded,
File:Flag_of_Croatia.svg,https://upload.wikimedia.org/wikipedia/commons/1/1b/Flag_of_Croatia.svg,Flag_of_Croatia.svg,downloaded,
File:Flag_of_Cuba.svg,https://upload.wikimedia.org/wikipedia/commons/b/bd/Flag_of_Cuba.svg,Flag_of_Cuba.svg,downloaded,
File:Flag_of_Denmark.svg,https://upload.wikimedia.org/wikipedia/commons/9/9c/Flag_of_Denmark.svg,Flag_of_Denmark.svg,downloaded,
File:Flag_of_Dominica.svg,https://upload.wikimedia.org/wikipedia/commons/c/c4/Flag_of_Dominica.svg,Flag_of_Dominica.svg,downloaded,
File:Flag_of_Ecuador.svg,https://upload.wikimedia.org/wikipedia/commons/e/e8/Flag_of_Ecuador.svg,Flag_of_Ecuador.svg,downloaded,
File:Flag_of_Egypt.svg,https://upload.wikimedia.org/wikipedia/commons/f/fe/Flag_of_Egypt.svg,Flag_of_Egypt.svg,downloaded,
File:Flag_of_El_Salvador.svg,https://upload.wikimedia.org/wikipedia/commons/3/34/Flag_of_El_Salvador.svg,Flag_of_El_Salvador.svg,downloaded,
File:Flag_of_the_United_Arab_Emirates.svg,https://upload.wikimedia.org/wikipedia/commons/c/cb/Flag_of_the_United_Arab_Emirates.svg,Flag_of_the_United_Arab_Emirates.svg,downloaded,
File:Flag_of_Eritrea.svg,https://upload.wikimedia.org/wikipedia/commons/2/29/Flag_of_Eritrea.svg,Flag_of_Eritrea.svg,downloaded,
File:Flag_of_Slovakia.svg,https://upload.wikimedia.org/wikipedia/commons/e/e6/Flag_of_Slovakia.svg,Flag_of_Slovakia.svg,downloaded,
File:Flag_of_Slovenia_(WFB_2013).svg,https://upload.wikimedia.org/wikipedia/commons/4/49/Flag_of_Slovenia_%28WFB_2013%29.svg,Flag_of_Slovenia_(WFB_2013).svg,downloaded,
File:Flag_of_Spain.svg,https://upload.wikimedia.org/wikipedia/commons/9/9a/Flag_of_Spain.svg,Flag_of_Spain.svg,downloaded,
File:Flag_of_the_Federated_States_of_Micronesia.svg,https://upload.wikimedia.org/wikipedia/commons/e/e4/Flag_of_the_Federated_States_of_Micronesia.svg,Flag_of_the_Federated_States_of_Micronesia.svg,downloaded,
File:Flag_of_the_United_States.svg,https://upload.wikimedia.org/wikipedia/commons/a/a4/Flag_of_the_United_States.svg,Flag_of_the_United_States.svg,downloaded,
File:Flag_of_Estonia.svg,https://upload.wikimedia.org/wikipedia/commons/8/8f/Flag_of_Estonia.svg,Flag_of_Estonia.svg,downloaded,
File:Flag_of_Ethiopia.svg,https://upload.wikimedia.org/wikipedia/commons/7/71/Flag_of_Ethiopia.svg,Flag_of_Ethiopia.svg,downloaded,
File:Flag_of_the_Philippines.svg,https://upload.wikimedia.org/wikipedia/commons/9/99/Flag_of_the_Philippines.svg,Flag_of_the_Philippines.svg,downloaded,
File:Flag_of_Finland.svg,https://upload.wikimedia.org/wikipedia/commons/b/bc/Flag_of_Finland.svg,Flag_of_Finland.svg,downloaded,
File:Flag_of_Fiji.svg,https://upload.wikimedia.org/wikipedia/commons/b/ba/Flag_of_Fiji.svg,Flag_of_Fiji.svg,downloaded,
"File:Flag_of_France_(1794–1815,_1830–1974,_2020–present).svg",https://upload.wikimedia.org/wikipedia/commons/c/c3/Flag_of_France.svg,Flag_of_France.svg,downloaded,
File:Flag_of_France.svg,https://upload.wikimedia.org/wikipedia/commons/c/c3/Flag_of_France.svg,Flag_of_France.svg,already_exists,
File:Flag_of_Gabon.svg,https://upload.wikimedia.org/wikipedia/commons/0/04/Flag_of_Gabon.svg,Flag_of_Gabon.svg,downloaded,
File:Flag_of_The_Gambia.svg,https://upload.wikimedia.org/wikipedia/commons/7/77/Flag_of_The_Gambia.svg,Flag_of_The_Gambia.svg,downloaded,
File:Flag_of_Georgia.svg,https://upload.wikimedia.org/wikipedia/commons/0/0f/Flag_of_Georgia.svg,Flag_of_Georgia.svg,downloaded,
File:Flag_of_Ghana.svg,https://upload.wikimedia.org/wikipedia/commons/1/19/Flag_of_Ghana.svg,Flag_of_Ghana.svg,downloaded,
File:Flag_of_Grenada.svg,https://upload.wikimedia.org/wikipedia/commons/b/bc/Flag_of_Grenada.svg,Flag_of_Grenada.svg,downloaded,
File:Flag_of_Greece.svg,https://upload.wikimedia.org/wikipedia/commons/5/5c/Flag_of_Greece.svg,Flag_of_Greece.svg,downloaded,
File:Flag_of_Guatemala.svg,https://upload.wikimedia.org/wikipedia/commons/e/ec/Flag_of_Guatemala.svg,Flag_of_Guatemala.svg,downloaded,
File:Flag_of_Guinea.svg,https://upload.wikimedia.org/wikipedia/commons/e/ed/Flag_of_Guinea.svg,Flag_of_Guinea.svg,downloaded,
File:Flag_of_Guinea-Bissau.svg,https://upload.wikimedia.org/wikipedia/commons/0/01/Flag_of_Guinea-Bissau.svg,Flag_of_Guinea-Bissau.svg,downloaded,
File:Flag_of_Equatorial_Guinea.svg,https://upload.wikimedia.org/wikipedia/commons/3/31/Flag_of_Equatorial_Guinea.svg,Flag_of_Equatorial_Guinea.svg,downloaded,
File:Flag_of_Guyana.svg,https://upload.wikimedia.org/wikipedia/commons/9/99/Flag_of_Guyana.svg,Flag_of_Guyana.svg,downloaded,
File:Flag_of_Haiti.svg,https://upload.wikimedia.org/wikipedia/commons/5/56/Flag_of_Haiti.svg,Flag_of_Haiti.svg,downloaded,
"File:Flag_of_Honduras_(1949–2022,_2026–present).svg",https://upload.wikimedia.org/wikipedia/commons/7/79/Flag_of_Honduras_%281949%E2%80%932022%2C_2026%E2%80%93present%29.svg,"Flag_of_Honduras_(1949–2022,_2026–present).svg",downloaded,
File:Flag_of_Hungary.svg,https://upload.wikimedia.org/wikipedia/commons/c/c1/Flag_of_Hungary.svg,Flag_of_Hungary.svg,downloaded,
File:Flag_of_India.svg,https://upload.wikimedia.org/wikipedia/commons/4/41/Flag_of_India.svg,Flag_of_India.svg,downloaded,
File:Flag_of_Indonesia.svg,https://upload.wikimedia.org/wikipedia/commons/9/9f/Flag_of_Indonesia.svg,Flag_of_Indonesia.svg,downloaded,
File:Flag_of_Iraq.svg,https://upload.wikimedia.org/wikipedia/commons/f/f6/Flag_of_Iraq.svg,Flag_of_Iraq.svg,downloaded,
File:Flag_of_Iran.svg,https://upload.wikimedia.org/wikipedia/commons/c/ca/Flag_of_Iran.svg,Flag_of_Iran.svg,downloaded,
File:Flag_of_Ireland.svg,https://upload.wikimedia.org/wikipedia/commons/4/45/Flag_of_Ireland.svg,Flag_of_Ireland.svg,downloaded,
File:Flag_of_Iceland.svg,https://upload.wikimedia.org/wikipedia/commons/c/ce/Flag_of_Iceland.svg,Flag_of_Iceland.svg,downloaded,
File:Flag_of_the_Marshall_Islands.svg,https://upload.wikimedia.org/wikipedia/commons/2/2e/Flag_of_the_Marshall_Islands.svg,Flag_of_the_Marshall_Islands.svg,downloaded,
File:Flag_of_the_Solomon_Islands.svg,https://upload.wikimedia.org/wikipedia/commons/7/74/Flag_of_the_Solomon_Islands.svg,Flag_of_the_Solomon_Islands.svg,downloaded,
File:Flag_of_Israel.svg,https://upload.wikimedia.org/wikipedia/commons/d/d4/Flag_of_Israel.svg,Flag_of_Israel.svg,downloaded,
File:Flag_of_Italy.svg,https://upload.wikimedia.org/wikipedia/commons/0/03/Flag_of_Italy.svg,Flag_of_Italy.svg,downloaded,
File:Flag_of_Jamaica.svg,https://upload.wikimedia.org/wikipedia/commons/0/0a/Flag_of_Jamaica.svg,Flag_of_Jamaica.svg,downloaded,
File:Flag_of_Japan.svg,https://upload.wikimedia.org/wikipedia/commons/9/9e/Flag_of_Japan.svg,Flag_of_Japan.svg,downloaded,
File:Flag_of_Jordan.svg,https://upload.wikimedia.org/wikipedia/commons/c/c0/Flag_of_Jordan.svg,Flag_of_Jordan.svg,downloaded,
File:Flag_of_Kazakhstan.svg,https://upload.wikimedia.org/wikipedia/commons/d/d3/Flag_of_Kazakhstan.svg,Flag_of_Kazakhstan.svg,downloaded,
File:Flag_of_Kenya.svg,https://upload.wikimedia.org/wikipedia/commons/4/49/Flag_of_Kenya.svg,Flag_of_Kenya.svg,downloaded,
File:Flag_of_Kyrgyzstan.svg,https://upload.wikimedia.org/wikipedia/commons/c/c7/Flag_of_Kyrgyzstan.svg,Flag_of_Kyrgyzstan.svg,downloaded,
File:Flag_of_Kiribati.svg,https://upload.wikimedia.org/wikipedia/commons/d/d3/Flag_of_Kiribati.svg,Flag_of_Kiribati.svg,downloaded,
File:Flag_of_Kuwait.svg,https://upload.wikimedia.org/wikipedia/commons/a/aa/Flag_of_Kuwait.svg,Flag_of_Kuwait.svg,downloaded,
File:Flag_of_Laos.svg,https://upload.wikimedia.org/wikipedia/commons/5/56/Flag_of_Laos.svg,Flag_of_Laos.svg,downloaded,
File:Flag_of_Lesotho.svg,https://upload.wikimedia.org/wikipedia/commons/4/4a/Flag_of_Lesotho.svg,Flag_of_Lesotho.svg,downloaded,
File:Flag_of_Latvia.svg,https://upload.wikimedia.org/wikipedia/commons/8/84/Flag_of_Latvia.svg,Flag_of_Latvia.svg,downloaded,
File:Flag_of_Lebanon.svg,https://upload.wikimedia.org/wikipedia/commons/5/59/Flag_of_Lebanon.svg,Flag_of_Lebanon.svg,downloaded,
File:Flag_of_Liberia.svg,https://upload.wikimedia.org/wikipedia/commons/b/b8/Flag_of_Liberia.svg,Flag_of_Liberia.svg,downloaded,
File:Flag_of_Libya.svg,https://upload.wikimedia.org/wikipedia/commons/0/05/Flag_of_Libya.svg,Flag_of_Libya.svg,downloaded,
File:Flag_of_Liechtenstein.svg,https://upload.wikimedia.org/wikipedia/commons/4/47/Flag_of_Liechtenstein.svg,Flag_of_Liechtenstein.svg,downloaded,
File:Flag_of_Lithuania.svg,https://upload.wikimedia.org/wikipedia/commons/1/11/Flag_of_Lithuania.svg,Flag_of_Lithuania.svg,downloaded,
File:Flag_of_Luxembourg.svg,https://upload.wikimedia.org/wikipedia/commons/d/da/Flag_of_Luxembourg.svg,Flag_of_Luxembourg.svg,downloaded,
File:Flag_of_North_Macedonia.svg,https://upload.wikimedia.org/wikipedia/commons/7/79/Flag_of_North_Macedonia.svg,Flag_of_North_Macedonia.svg,downloaded,
File:Flag_of_Madagascar.svg,https://upload.wikimedia.org/wikipedia/commons/b/bc/Flag_of_Madagascar.svg,Flag_of_Madagascar.svg,downloaded,
File:Flag_of_Malaysia.svg,https://upload.wikimedia.org/wikipedia/commons/6/66/Flag_of_Malaysia.svg,Flag_of_Malaysia.svg,downloaded,
File:Flag_of_Malawi.svg,https://upload.wikimedia.org/wikipedia/commons/d/d1/Flag_of_Malawi.svg,Flag_of_Malawi.svg,downloaded,
File:Flag_of_Maldives.svg,https://upload.wikimedia.org/wikipedia/commons/0/0f/Flag_of_Maldives.svg,Flag_of_Maldives.svg,downloaded,
File:Flag_of_Mali.svg,https://upload.wikimedia.org/wikipedia/commons/9/92/Flag_of_Mali.svg,Flag_of_Mali.svg,downloaded,
File:Flag_of_Malta.svg,https://upload.wikimedia.org/wikipedia/commons/7/73/Flag_of_Malta.svg,Flag_of_Malta.svg,downloaded,
File:Flag_of_Morocco.svg,https://upload.wikimedia.org/wikipedia/commons/2/2c/Flag_of_Morocco.svg,Flag_of_Morocco.svg,downloaded,
File:Flag_of_Mauritius.svg,https://upload.wikimedia.org/wikipedia/commons/7/77/Flag_of_Mauritius.svg,Flag_of_Mauritius.svg,downloaded,
File:Flag_of_Mauritania.svg,https://upload.wikimedia.org/wikipedia/commons/4/43/Flag_of_Mauritania.svg,Flag_of_Mauritania.svg,downloaded,
File:Flag_of_Mexico.svg,https://upload.wikimedia.org/wikipedia/commons/f/fc/Flag_of_Mexico.svg,Flag_of_Mexico.svg,downloaded,
File:Flag_of_Moldova.svg,https://upload.wikimedia.org/wikipedia/commons/2/27/Flag_of_Moldova.svg,Flag_of_Moldova.svg,downloaded,
File:Flag_of_Monaco.svg,https://upload.wikimedia.org/wikipedia/commons/e/ea/Flag_of_Monaco.svg,Flag_of_Monaco.svg,downloaded,
File:Flag_of_Mongolia.svg,https://upload.wikimedia.org/wikipedia/commons/4/4c/Flag_of_Mongolia.svg,Flag_of_Mongolia.svg,downloaded,
File:Flag_of_Montenegro.svg,https://upload.wikimedia.org/wikipedia/commons/6/64/Flag_of_Montenegro.svg,Flag_of_Montenegro.svg,downloaded,
File:Flag_of_Mozambique.svg,https://upload.wikimedia.org/wikipedia/commons/d/d0/Flag_of_Mozambique.svg,Flag_of_Mozambique.svg,downloaded,
File:Flag_of_Namibia.svg,https://upload.wikimedia.org/wikipedia/commons/0/00/Flag_of_Namibia.svg,Flag_of_Namibia.svg,downloaded,
File:Flag_of_Nauru.svg,https://upload.wikimedia.org/wikipedia/commons/3/30/Flag_of_Nauru.svg,Flag_of_Nauru.svg,downloaded,
File:Flag_of_Nepal.svg,https://upload.wikimedia.org/wikipedia/commons/9/9b/Flag_of_Nepal.svg,Flag_of_Nepal.svg,downloaded,
File:Flag_of_Nicaragua.svg,https://upload.wikimedia.org/wikipedia/commons/1/19/Flag_of_Nicaragua.svg,Flag_of_Nicaragua.svg,downloaded,
File:Flag_of_Niger.svg,https://upload.wikimedia.org/wikipedia/commons/f/f4/Flag_of_Niger.svg,Flag_of_Niger.svg,downloaded,
File:Flag_of_Nigeria.svg,https://upload.wikimedia.org/wikipedia/commons/7/79/Flag_of_Nigeria.svg,Flag_of_Nigeria.svg,downloaded,
File:Flag_of_Norway.svg,https://upload.wikimedia.org/wikipedia/commons/d/d9/Flag_of_Norway.svg,Flag_of_Norway.svg,downloaded,
File:Flag_of_New_Zealand.svg,https://upload.wikimedia.org/wikipedia/commons/3/3e/Flag_of_New_Zealand.svg,Flag_of_New_Zealand.svg,downloaded,
File:Flag_of_Oman.svg,https://upload.wikimedia.org/wikipedia/commons/d/dd/Flag_of_Oman.svg,Flag_of_Oman.svg,downloaded,
File:Flag_of_the_Netherlands.svg,https://upload.wikimedia.org/wikipedia/commons/2/20/Flag_of_the_Netherlands.svg,Flag_of_the_Netherlands.svg,downloaded,
File:Flag_of_Pakistan.svg,https://upload.wikimedia.org/wikipedia/commons/3/32/Flag_of_Pakistan.svg,Flag_of_Pakistan.svg,downloaded,
File:Flag_of_Palau.svg,https://upload.wikimedia.org/wikipedia/commons/4/48/Flag_of_Palau.svg,Flag_of_Palau.svg,downloaded,
File:Flag_of_Panama.svg,https://upload.wikimedia.org/wikipedia/commons/a/ab/Flag_of_Panama.svg,Flag_of_Panama.svg,downloaded,
File:Flag_of_Papua_New_Guinea.svg,https://upload.wikimedia.org/wikipedia/commons/e/e3/Flag_of_Papua_New_Guinea.svg,Flag_of_Papua_New_Guinea.svg,downloaded,
File:Flag_of_Paraguay.svg,https://upload.wikimedia.org/wikipedia/commons/2/27/Flag_of_Paraguay.svg,Flag_of_Paraguay.svg,downloaded,
File:Flag_of_Peru.svg,https://upload.wikimedia.org/wikipedia/commons/c/cf/Flag_of_Peru.svg,Flag_of_Peru.svg,downloaded,
File:Flag_of_Poland.svg,https://upload.wikimedia.org/wikipedia/commons/1/12/Flag_of_Poland.svg,Flag_of_Poland.svg,downloaded,
File:Flag_of_Portugal.svg,https://upload.wikimedia.org/wikipedia/commons/5/5c/Flag_of_Portugal.svg,Flag_of_Portugal.svg,downloaded,
File:Flag_of_the_United_Kingdom.svg,https://upload.wikimedia.org/wikipedia/commons/8/83/Flag_of_the_United_Kingdom_%283-5%29.svg,Flag_of_the_United_Kingdom_(3-5).svg,downloaded,
File:Flag_of_the_United_Kingdom_(3-5).svg,https://upload.wikimedia.org/wikipedia/commons/8/83/Flag_of_the_United_Kingdom_%283-5%29.svg,Flag_of_the_United_Kingdom_(3-5).svg,already_exists,
File:Flag_of_the_Central_African_Republic.svg,https://upload.wikimedia.org/wikipedia/commons/6/6f/Flag_of_the_Central_African_Republic.svg,Flag_of_the_Central_African_Republic.svg,downloaded,
File:Flag_of_the_Czech_Republic.svg,https://upload.wikimedia.org/wikipedia/commons/c/cb/Flag_of_the_Czech_Republic.svg,Flag_of_the_Czech_Republic.svg,downloaded,
File:Flag_of_the_Republic_of_the_Congo.svg,https://upload.wikimedia.org/wikipedia/commons/9/92/Flag_of_the_Republic_of_the_Congo.svg,Flag_of_the_Republic_of_the_Congo.svg,downloaded,
File:Flag_of_the_Democratic_Republic_of_the_Congo.svg,https://upload.wikimedia.org/wikipedia/commons/6/6f/Flag_of_the_Democratic_Republic_of_the_Congo.svg,Flag_of_the_Democratic_Republic_of_the_Congo.svg,downloaded,
File:Flag_of_the_Dominican_Republic.svg,https://upload.wikimedia.org/wikipedia/commons/9/9f/Flag_of_the_Dominican_Republic.svg,Flag_of_the_Dominican_Republic.svg,downloaded,
File:Flag_of_Rwanda.svg,https://upload.wikimedia.org/wikipedia/commons/1/17/Flag_of_Rwanda.svg,Flag_of_Rwanda.svg,downloaded,
File:Flag_of_Romania.svg,https://upload.wikimedia.org/wikipedia/commons/7/73/Flag_of_Romania.svg,Flag_of_Romania.svg,downloaded,
File:Flag_of_Russia.svg,https://upload.wikimedia.org/wikipedia/commons/f/f3/Flag_of_Russia.svg,Flag_of_Russia.svg,downloaded,
File:Flag_of_Samoa.svg,https://upload.wikimedia.org/wikipedia/commons/3/31/Flag_of_Samoa.svg,Flag_of_Samoa.svg,downloaded,
File:Flag_of_Saint_Kitts_and_Nevis.svg,https://upload.wikimedia.org/wikipedia/commons/f/fe/Flag_of_Saint_Kitts_and_Nevis.svg,Flag_of_Saint_Kitts_and_Nevis.svg,downloaded,
File:Flag_of_San_Marino.svg,https://upload.wikimedia.org/wikipedia/commons/b/b1/Flag_of_San_Marino.svg,Flag_of_San_Marino.svg,downloaded,
File:Flag_of_Saint_Vincent_and_the_Grenadines.svg,https://upload.wikimedia.org/wikipedia/commons/6/6d/Flag_of_Saint_Vincent_and_the_Grenadines.svg,Flag_of_Saint_Vincent_and_the_Grenadines.svg,downloaded,
File:Flag_of_Saint_Lucia.svg,https://upload.wikimedia.org/wikipedia/commons/9/9f/Flag_of_Saint_Lucia.svg,Flag_of_Saint_Lucia.svg,downloaded,
File:Flag_of_Sao_Tome_and_Principe.svg,https://upload.wikimedia.org/wikipedia/commons/0/0a/Flag_of_S%C3%A3o_Tom%C3%A9_and_Pr%C3%ADncipe.svg,Flag_of_São_Tomé_and_Príncipe.svg,downloaded,
File:Flag_of_São_Tomé_and_Príncipe.svg,https://upload.wikimedia.org/wikipedia/commons/0/0a/Flag_of_S%C3%A3o_Tom%C3%A9_and_Pr%C3%ADncipe.svg,Flag_of_São_Tomé_and_Príncipe.svg,already_exists,
File:Flag_of_Senegal.svg,https://upload.wikimedia.org/wikipedia/commons/f/fd/Flag_of_Senegal.svg,Flag_of_Senegal.svg,downloaded,
File:Flag_of_Serbia.svg,https://upload.wikimedia.org/wikipedia/commons/f/ff/Flag_of_Serbia.svg,Flag_of_Serbia.svg,downloaded,
File:Flag_of_Seychelles.svg,https://upload.wikimedia.org/wikipedia/commons/f/fc/Flag_of_Seychelles.svg,Flag_of_Seychelles.svg,downloaded,
File:Flag_of_Sierra_Leone.svg,https://upload.wikimedia.org/wikipedia/commons/1/17/Flag_of_Sierra_Leone.svg,Flag_of_Sierra_Leone.svg,downloaded,
File:Flag_of_Singapore.svg,https://upload.wikimedia.org/wikipedia/commons/4/48/Flag_of_Singapore.svg,Flag_of_Singapore.svg,downloaded,
File:Flag_of_the_Syrian_revolution.svg,https://upload.wikimedia.org/wikipedia/commons/5/54/Flag_of_Syria_%282025-%29.svg,Flag_of_Syria_(2025-).svg,downloaded,
File:Flag_of_Syria_(2025-).svg,https://upload.wikimedia.org/wikipedia/commons/5/54/Flag_of_Syria_%282025-%29.svg,Flag_of_Syria_(2025-).svg,already_exists,
File:Flag_of_Somalia.svg,https://upload.wikimedia.org/wikipedia/commons/a/a0/Flag_of_Somalia.svg,Flag_of_Somalia.svg,downloaded,
File:Flag_of_Sri_Lanka.svg,https://upload.wikimedia.org/wikipedia/commons/1/11/Flag_of_Sri_Lanka.svg,Flag_of_Sri_Lanka.svg,downloaded,
File:Flag_of_Swaziland.svg,https://upload.wikimedia.org/wikipedia/commons/f/fb/Flag_of_Eswatini.svg,Flag_of_Eswatini.svg,downloaded,
File:Flag_of_Eswatini.svg,https://upload.wikimedia.org/wikipedia/commons/f/fb/Flag_of_Eswatini.svg,Flag_of_Eswatini.svg,already_exists,
File:Flag_of_South_Africa.svg,https://upload.wikimedia.org/wikipedia/commons/a/af/Flag_of_South_Africa.svg,Flag_of_South_Africa.svg,downloaded,
File:Flag_of_Sudan.svg,https://upload.wikimedia.org/wikipedia/commons/0/01/Flag_of_Sudan.svg,Flag_of_Sudan.svg,downloaded,
File:Flag_of_South_Sudan.svg,https://upload.wikimedia.org/wikipedia/commons/7/7a/Flag_of_South_Sudan.svg,Flag_of_South_Sudan.svg,downloaded,
File:Flag_of_Sweden.svg,https://upload.wikimedia.org/wikipedia/commons/4/4c/Flag_of_Sweden.svg,Flag_of_Sweden.svg,downloaded,
File:Flag_of_Switzerland_(Pantone).svg,https://upload.wikimedia.org/wikipedia/commons/0/08/Flag_of_Switzerland_%28Pantone%29.svg,Flag_of_Switzerland_(Pantone).svg,downloaded,
File:Flag_of_Suriname.svg,https://upload.wikimedia.org/wikipedia/commons/6/60/Flag_of_Suriname.svg,Flag_of_Suriname.svg,downloaded,
File:Flag_of_Thailand.svg,https://upload.wikimedia.org/wikipedia/commons/a/a9/Flag_of_Thailand.svg,Flag_of_Thailand.svg,downloaded,
File:Flag_of_Tanzania.svg,https://upload.wikimedia.org/wikipedia/commons/3/38/Flag_of_Tanzania.svg,Flag_of_Tanzania.svg,downloaded,
File:Flag_of_Tajikistan.svg,https://upload.wikimedia.org/wikipedia/commons/d/d0/Flag_of_Tajikistan.svg,Flag_of_Tajikistan.svg,downloaded,
File:Flag_of_East_Timor.svg,https://upload.wikimedia.org/wikipedia/commons/2/26/Flag_of_East_Timor.svg,Flag_of_East_Timor.svg,downloaded,
File:Flag_of_Togo_(3-2).svg,https://upload.wikimedia.org/wikipedia/commons/7/7a/Flag_of_Togo_%283-2%29.svg,Flag_of_Togo_(3-2).svg,downloaded,
File:Flag_of_Tonga.svg,https://upload.wikimedia.org/wikipedia/commons/9/9a/Flag_of_Tonga.svg,Flag_of_Tonga.svg,downloaded,
File:Flag_of_Trinidad_and_Tobago.svg,https://upload.wikimedia.org/wikipedia/commons/6/64/Flag_of_Trinidad_and_Tobago.svg,Flag_of_Trinidad_and_Tobago.svg,downloaded,
File:Flag_of_Tunisia.svg,https://upload.wikimedia.org/wikipedia/commons/c/ce/Flag_of_Tunisia.svg,Flag_of_Tunisia.svg,downloaded,
File:Flag_of_Turkmenistan.svg,https://upload.wikimedia.org/wikipedia/commons/1/1b/Flag_of_Turkmenistan.svg,Flag_of_Turkmenistan.svg,downloaded,
File:Flag_of_Turkey.svg,https://upload.wikimedia.org/wikipedia/commons/b/b4/Flag_of_Turkey.svg,Flag_of_Turkey.svg,downloaded,
File:Flag_of_Tuvalu.svg,https://upload.wikimedia.org/wikipedia/commons/3/38/Flag_of_Tuvalu.svg,Flag_of_Tuvalu.svg,downloaded,
File:Flag_of_Ukraine.svg,https://upload.wikimedia.org/wikipedia/commons/4/49/Flag_of_Ukraine.svg,Flag_of_Ukraine.svg,downloaded,
File:Flag_of_Uganda.svg,https://upload.wikimedia.org/wikipedia/commons/4/4e/Flag_of_Uganda.svg,Flag_of_Uganda.svg,downloaded,
File:Flag_of_Uruguay.svg,https://upload.wikimedia.org/wikipedia/commons/f/fe/Flag_of_Uruguay.svg,Flag_of_Uruguay.svg,downloaded,
File:Flag_of_Uzbekistan.svg,https://upload.wikimedia.org/wikipedia/commons/8/84/Flag_of_Uzbekistan.svg,Flag_of_Uzbekistan.svg,downloaded,
File:Flag_of_Vanuatu.svg,https://upload.wikimedia.org/wikipedia/commons/b/bc/Flag_of_Vanuatu.svg,Flag_of_Vanuatu.svg,downloaded,
File:Flag_of_the_Vatican_City.svg,https://upload.wikimedia.org/wikipedia/commons/b/b3/Flag_of_Vatican_City_%282023%E2%80%93present%29.svg,Flag_of_Vatican_City_(2023–present).svg,downloaded,
File:Flag_of_Vatican_City_(2023–present).svg,https://upload.wikimedia.org/wikipedia/commons/b/b3/Flag_of_Vatican_City_%282023%E2%80%93present%29.svg,Flag_of_Vatican_City_(2023–present).svg,already_exists,
File:Flag_of_Venezuela.svg,https://upload.wikimedia.org/wikipedia/commons/0/06/Flag_of_Venezuela.svg,Flag_of_Venezuela.svg,downloaded,
File:Flag_of_Vietnam.svg,https://upload.wikimedia.org/wikipedia/commons/2/21/Flag_of_Vietnam.svg,Flag_of_Vietnam.svg,downloaded,
File:Flag_of_Yemen.svg,https://upload.wikimedia.org/wikipedia/commons/8/89/Flag_of_Yemen.svg,Flag_of_Yemen.svg,downloaded,
File:Flag_of_Djibouti.svg,https://upload.wikimedia.org/wikipedia/commons/3/34/Flag_of_Djibouti.svg,Flag_of_Djibouti.svg,downloaded,
File:Flag_of_Zambia.svg,https://upload.wikimedia.org/wikipedia/commons/0/06/Flag_of_Zambia.svg,Flag_of_Zambia.svg,downloaded,
File:Flag_of_Zimbabwe.svg,https://upload.wikimedia.org/wikipedia/commons/6/6a/Flag_of_Zimbabwe.svg,Flag_of_Zimbabwe.svg,downloaded,
File:Wikidata-logo.svg,https://upload.wikimedia.org/wikipedia/commons/f/ff/Wikidata-logo.svg,Wikidata-logo.svg,already_exists,
File:Commons-logo.svg,https://upload.wikimedia.org/wikipedia/commons/4/4a/Commons-logo.svg,Commons-logo.svg,already_exists,
